link,market,name
"/About-Skanska/Our-geographic-markets/Atlanta-GA/","Atlanta, GA",Atlanta, GA
"/About-Skanska/Our-geographic-markets/Boston-MA/","Boston, MA",Boston, MA
"/About-Skanska/Our-geographic-markets/California/","California",California
"/About-Skanska/Our-geographic-markets/Carteret-NJ/","Carteret, NJ",Carteret, NJ
"/About-Skanska/Our-geographic-markets/Cincinnati-OH/","Cincinnati, OH",Cincinnati, OH
"/About-Skanska/Our-geographic-markets/Cortez-CO/","Colorado",Colorado
"/About-Skanska/Our-geographic-markets/Dallas-TX/","Dallas, TX",Dallas, TX
"/About-Skanska/Our-geographic-markets/Durham-NC/","Durham, NC",Durham, NC
"/About-Skanska/Our-geographic-markets/Evansville-IN/","Evansville, IN",Evansville, IN
"/About-Skanska/Our-geographic-markets/Florida/","Florida",Florida
"/About-Skanska/Our-geographic-markets/Houston-TX/","Houston, TX",Houston, TX
"/About-Skanska/Our-geographic-markets/McAllen-TX/","McAllen, TX",McAllen, TX
"/About-Skanska/Our-geographic-markets/Nashville-TN/","Nashville, TN",Nashville, TN
"/About-Skanska/Our-geographic-markets/New-Haven-CT/","New Haven, CT",New Haven, CT
"/About-Skanska/Our-geographic-markets/New-York-NY/","New York, NY",New York, NY
"/About-Skanska/Our-geographic-markets/Parsippany-NJ/","Parsippany, NJ",Parsippany, NJ
"/About-Skanska/Our-geographic-markets/Philadelphia-PA/","Philadelphia, PA",Philadelphia, PA
"/About-Skanska/Our-geographic-markets/Phoenix-AZ/","Phoenix, AZ",Phoenix, AZ
"/About-Skanska/Our-geographic-markets/Pittsburgh/","Pittsburgh, PA ",Pittsburgh, PA 
"/About-Skanska/Our-geographic-markets/Portland/","Portland, OR",Portland, OR
"/About-Skanska/Our-geographic-markets/Queens-NY/","Queens, NY",Queens, NY
"/About-Skanska/Our-geographic-markets/San-Antonio-TX/","San Antonio, TX",San Antonio, TX
"/About-Skanska/Our-geographic-markets/Seattle-WA/","Seattle, WA",Seattle, WA
"/About-Skanska/Our-geographic-markets/Washington-DC/","Washington, D.C.",Washington, D.C.
